split,threshold,accuracy,precision,recall,f1,roc_auc,pr_auc,fpr,fnr,tn,fp,fn,tp,brier_score
threshold_selection,0.05,0.8840808719257729,0.4777951769495772,0.968757937515875,0.6399597298544402,0.9832055201144361,0.9228688919320861,0.125995556831749,0.031242062484124967,57832,8337,246,7628,0.0232579852039276
threshold_selection,0.06,0.9011655389435869,0.5190672153635116,0.9611379222758446,0.6740892491315579,0.9832055201144361,0.9228688919320861,0.105971074067917,0.038862077724155446,59157,7012,306,7568,0.0232579852039276
threshold_selection,0.07,0.9025296111718866,0.522706850072579,0.9603759207518415,0.6769616400340182,0.9832055201144361,0.9228688919320861,0.10435400262963018,0.03962407924815849,59264,6905,312,7562,0.0232579852039276
threshold_selection,0.08,0.9049741366503248,0.5293911335578002,0.9584709169418338,0.6820605512878446,0.9832055201144361,0.9228688919320861,0.10139189046230107,0.04152908305816612,59460,6709,327,7547,0.0232579852039276
threshold_selection,0.09,0.9235039098901989,0.5877959637692675,0.9395478790957582,0.7231671554252199,0.9832055201144361,0.9228688919320861,0.07840529553113997,0.06045212090424181,60981,5188,476,7398,0.0232579852039276
threshold_selection,0.1,0.9391704820172062,0.6511753095280818,0.9217678435356871,0.7631966351209254,0.9832055201144361,0.9228688919320861,0.058758633196814215,0.07823215646431293,62281,3888,616,7258,0.0232579852039276
threshold_selection,0.11,0.940534554245506,0.6574720987206243,0.9202438404876809,0.7669753903148981,0.9832055201144361,0.9228688919320861,0.057050884855445905,0.07975615951231903,62394,3775,628,7246,0.0232579852039276
threshold_selection,0.12,0.9408586902205475,0.659022659022659,0.9197358394716789,0.767852409478874,0.9832055201144361,0.9228688919320861,0.056627725974398885,0.08026416052832105,62422,3747,632,7242,0.0232579852039276
threshold_selection,0.13,0.941034263873695,0.6598614655486693,0.919481838963678,0.7683328027167569,0.9832055201144361,0.9228688919320861,0.05640103371669513,0.08051816103632208,62437,3732,634,7240,0.0232579852039276
threshold_selection,0.14,0.9500965655092312,0.7081382607829465,0.9028448056896113,0.7937252274884162,0.9832055201144361,0.9228688919320861,0.04428055433813417,0.09715519431038862,63239,2930,765,7109,0.0232579852039276
threshold_selection,0.15,0.9501235768404845,0.7082793663445253,0.9028448056896113,0.7938138574060634,0.9832055201144361,0.9228688919320861,0.04425032870377367,0.09715519431038862,63241,2928,765,7109,0.0232579852039276
threshold_selection,0.16,0.9539861972097294,0.7323899698262407,0.8939547879095758,0.8051472690877896,0.9832055201144361,0.9228688919320861,0.038870165787604466,0.10604521209042418,63597,2572,835,7039,0.0232579852039276
threshold_selection,0.17,0.9554718204286698,0.7421436884985716,0.8907797815595632,0.8096969696969697,0.9832055201144361,0.9228688919320861,0.03682993546827064,0.10922021844043688,63732,2437,860,7014,0.0232579852039276
threshold_selection,0.18,0.9557149224099509,0.7438183168842195,0.8901447802895606,0.8104295542579638,0.9832055201144361,0.9228688919320861,0.03648234067312488,0.10985521971043942,63755,2414,865,7009,0.0232579852039276
threshold_selection,0.19,0.9557149224099509,0.7438183168842195,0.8901447802895606,0.8104295542579638,0.9832055201144361,0.9228688919320861,0.03648234067312488,0.10985521971043942,63755,2414,865,7009,0.0232579852039276
threshold_selection,0.2,0.9557014167443243,0.7437911271492252,0.8900177800355601,0.8103607770582794,0.9832055201144361,0.9228688919320861,0.03648234067312488,0.10998221996443992,63755,2414,866,7008,0.0232579852039276
threshold_selection,0.21,0.9557284280755777,0.7439490445859872,0.8900177800355601,0.8104544928877068,0.9832055201144361,0.9228688919320861,0.036452115038764374,0.10998221996443992,63757,2412,866,7008,0.0232579852039276
threshold_selection,0.22,0.9575246816039329,0.7577673607325848,0.8827787655575311,0.8155100604211885,0.9832055201144361,0.9228688919320861,0.033580679774516765,0.11722123444246889,63947,2222,923,6951,0.0232579852039276
threshold_selection,0.23,0.9592128898072741,0.7712944332662642,0.8763017526035052,0.8204518430439952,0.9832055201144361,0.9228688919320861,0.030920823950792667,0.12369824739649479,64123,2046,974,6900,0.0232579852039276
threshold_selection,0.24,0.9592128898072741,0.7712944332662642,0.8763017526035052,0.8204518430439952,0.9832055201144361,0.9228688919320861,0.030920823950792667,0.12369824739649479,64123,2046,974,6900,0.0232579852039276
threshold_selection,0.25,0.9592128898072741,0.7712944332662642,0.8763017526035052,0.8204518430439952,0.9832055201144361,0.9228688919320861,0.030920823950792667,0.12369824739649479,64123,2046,974,6900,0.0232579852039276
threshold_selection,0.26,0.9592128898072741,0.7712944332662642,0.8763017526035052,0.8204518430439952,0.9832055201144361,0.9228688919320861,0.030920823950792667,0.12369824739649479,64123,2046,974,6900,0.0232579852039276
threshold_selection,0.27,0.9621301135826479,0.7973258268824771,0.8633477266954533,0.8290243902439024,0.9832055201144361,0.9228688919320861,0.026114948087472986,0.1366522733045466,64441,1728,1076,6798,0.0232579852039276
threshold_selection,0.28,0.9621301135826479,0.7973258268824771,0.8633477266954533,0.8290243902439024,0.9832055201144361,0.9228688919320861,0.026114948087472986,0.1366522733045466,64441,1728,1076,6798,0.0232579852039276
threshold_selection,0.29,0.9621301135826479,0.7973258268824771,0.8633477266954533,0.8290243902439024,0.9832055201144361,0.9228688919320861,0.026114948087472986,0.1366522733045466,64441,1728,1076,6798,0.0232579852039276
threshold_selection,0.3,0.9621301135826479,0.7973258268824771,0.8633477266954533,0.8290243902439024,0.9832055201144361,0.9228688919320861,0.026114948087472986,0.1366522733045466,64441,1728,1076,6798,0.0232579852039276
threshold_selection,0.31,0.9653444620018098,0.8335847159376572,0.8422656845313691,0.8379027163613393,0.9832055201144361,0.9228688919320861,0.020009369946651756,0.15773431546863093,64845,1324,1242,6632,0.0232579852039276
threshold_selection,0.32,0.9653444620018098,0.8335847159376572,0.8422656845313691,0.8379027163613393,0.9832055201144361,0.9228688919320861,0.020009369946651756,0.15773431546863093,64845,1324,1242,6632,0.0232579852039276
threshold_selection,0.33,0.9653444620018098,0.8335847159376572,0.8422656845313691,0.8379027163613393,0.9832055201144361,0.9228688919320861,0.020009369946651756,0.15773431546863093,64845,1324,1242,6632,0.0232579852039276
threshold_selection,0.34,0.9653579676674365,0.8336895034569454,0.8422656845313691,0.8379556510202792,0.9832055201144361,0.9228688919320861,0.019994257129471504,0.15773431546863093,64846,1323,1242,6632,0.0232579852039276
threshold_selection,0.35,0.9653579676674365,0.8336895034569454,0.8422656845313691,0.8379556510202792,0.9832055201144361,0.9228688919320861,0.019994257129471504,0.15773431546863093,64846,1323,1242,6632,0.0232579852039276
threshold_selection,0.36,0.9673297948489391,0.8680340035082985,0.816992633985268,0.8417402682368335,0.9832055201144361,0.9228688919320861,0.014780335202285057,0.18300736601473203,65191,978,1441,6433,0.0232579852039276
threshold_selection,0.37,0.9686938670772389,0.8894028595458369,0.8058166116332233,0.8455490405117271,0.9832055201144361,0.9228688919320861,0.0119240127552177,0.19418338836677673,65380,789,1529,6345,0.0232579852039276
threshold_selection,0.38,0.9686803614116122,0.889387354549278,0.8056896113792228,0.8454721130139269,0.9832055201144361,0.9228688919320861,0.0119240127552177,0.19431038862077724,65380,789,1530,6344,0.0232579852039276
threshold_selection,0.39,0.9686803614116122,0.889387354549278,0.8056896113792228,0.8454721130139269,0.9832055201144361,0.9228688919320861,0.0119240127552177,0.19431038862077724,65380,789,1530,6344,0.0232579852039276
threshold_selection,0.4,0.9686803614116122,0.889387354549278,0.8056896113792228,0.8454721130139269,0.9832055201144361,0.9228688919320861,0.0119240127552177,0.19431038862077724,65380,789,1530,6344,0.0232579852039276
threshold_selection,0.41,0.9686803614116122,0.889387354549278,0.8056896113792228,0.8454721130139269,0.9832055201144361,0.9228688919320861,0.0119240127552177,0.19431038862077724,65380,789,1530,6344,0.0232579852039276
threshold_selection,0.42,0.9686803614116122,0.889387354549278,0.8056896113792228,0.8454721130139269,0.9832055201144361,0.9228688919320861,0.0119240127552177,0.19431038862077724,65380,789,1530,6344,0.0232579852039276
threshold_selection,0.43,0.9687208784084924,0.892292490118577,0.8027686055372111,0.8451664661050943,0.9832055201144361,0.9228688919320861,0.011531079508531186,0.19723139446278892,65406,763,1553,6321,0.0232579852039276
threshold_selection,0.44,0.9687208784084924,0.892292490118577,0.8027686055372111,0.8451664661050943,0.9832055201144361,0.9228688919320861,0.011531079508531186,0.19723139446278892,65406,763,1553,6321,0.0232579852039276
threshold_selection,0.45,0.9687208784084924,0.892292490118577,0.8027686055372111,0.8451664661050943,0.9832055201144361,0.9228688919320861,0.011531079508531186,0.19723139446278892,65406,763,1553,6321,0.0232579852039276
threshold_selection,0.46,0.9687073727428657,0.8922772836368771,0.8026416052832106,0.8450892558668183,0.9832055201144361,0.9228688919320861,0.011531079508531186,0.19735839471678943,65406,763,1554,6320,0.0232579852039276
threshold_selection,0.47,0.9693016220304418,0.9272311212814646,0.7719075438150876,0.8424700256428027,0.9832055201144361,0.9228688919320861,0.007208813794979522,0.22809245618491236,65692,477,1796,6078,0.0232579852039276
threshold_selection,0.48,0.9693016220304418,0.9272311212814646,0.7719075438150876,0.8424700256428027,0.9832055201144361,0.9228688919320861,0.007208813794979522,0.22809245618491236,65692,477,1796,6078,0.0232579852039276
threshold_selection,0.49,0.9693016220304418,0.9272311212814646,0.7719075438150876,0.8424700256428027,0.9832055201144361,0.9228688919320861,0.007208813794979522,0.22809245618491236,65692,477,1796,6078,0.0232579852039276
threshold_selection,0.5,0.9696122523398566,0.9396497811131957,0.7632715265430531,0.8423265592151367,0.9832055201144361,0.9228688919320861,0.00583354743157672,0.23672847345694692,65783,386,1864,6010,0.0232579852039276
threshold_selection,0.51,0.9695987466742298,0.9399155061805664,0.7628905257810515,0.8422011917280056,0.9832055201144361,0.9228688919320861,0.005803321797216219,0.23710947421894843,65785,384,1867,6007,0.0232579852039276
threshold_selection,0.52,0.9695987466742298,0.9399155061805664,0.7628905257810515,0.8422011917280056,0.9832055201144361,0.9228688919320861,0.005803321797216219,0.23710947421894843,65785,384,1867,6007,0.0232579852039276
threshold_selection,0.53,0.9695987466742298,0.9399155061805664,0.7628905257810515,0.8422011917280056,0.9832055201144361,0.9228688919320861,0.005803321797216219,0.23710947421894843,65785,384,1867,6007,0.0232579852039276
threshold_selection,0.54,0.9695987466742298,0.9399155061805664,0.7628905257810515,0.8422011917280056,0.9832055201144361,0.9228688919320861,0.005803321797216219,0.23710947421894843,65785,384,1867,6007,0.0232579852039276
threshold_selection,0.55,0.9695987466742298,0.9399155061805664,0.7628905257810515,0.8422011917280056,0.9832055201144361,0.9228688919320861,0.005803321797216219,0.23710947421894843,65785,384,1867,6007,0.0232579852039276
threshold_selection,0.56,0.9695987466742298,0.9399155061805664,0.7628905257810515,0.8422011917280056,0.9832055201144361,0.9228688919320861,0.005803321797216219,0.23710947421894843,65785,384,1867,6007,0.0232579852039276
threshold_selection,0.57,0.9695987466742298,0.9399155061805664,0.7628905257810515,0.8422011917280056,0.9832055201144361,0.9228688919320861,0.005803321797216219,0.23710947421894843,65785,384,1867,6007,0.0232579852039276
threshold_selection,0.58,0.9695987466742298,0.9399155061805664,0.7628905257810515,0.8422011917280056,0.9832055201144361,0.9228688919320861,0.005803321797216219,0.23710947421894843,65785,384,1867,6007,0.0232579852039276
threshold_selection,0.59,0.9695987466742298,0.9399155061805664,0.7628905257810515,0.8422011917280056,0.9832055201144361,0.9228688919320861,0.005803321797216219,0.23710947421894843,65785,384,1867,6007,0.0232579852039276
threshold_selection,0.6,0.9695987466742298,0.9399155061805664,0.7628905257810515,0.8422011917280056,0.9832055201144361,0.9228688919320861,0.005803321797216219,0.23710947421894843,65785,384,1867,6007,0.0232579852039276
threshold_selection,0.61,0.9695987466742298,0.9399155061805664,0.7628905257810515,0.8422011917280056,0.9832055201144361,0.9228688919320861,0.005803321797216219,0.23710947421894843,65785,384,1867,6007,0.0232579852039276
threshold_selection,0.62,0.9688964520616399,0.9617105917454003,0.7368554737109474,0.8343999424750126,0.9832055201144361,0.9228688919320861,0.003491060768637882,0.2631445262890526,65938,231,2072,5802,0.0232579852039276
threshold_selection,0.63,0.9688964520616399,0.9617105917454003,0.7368554737109474,0.8343999424750126,0.9832055201144361,0.9228688919320861,0.003491060768637882,0.2631445262890526,65938,231,2072,5802,0.0232579852039276
threshold_selection,0.64,0.9688964520616399,0.9617105917454003,0.7368554737109474,0.8343999424750126,0.9832055201144361,0.9228688919320861,0.003491060768637882,0.2631445262890526,65938,231,2072,5802,0.0232579852039276
threshold_selection,0.65,0.9688964520616399,0.9617105917454003,0.7368554737109474,0.8343999424750126,0.9832055201144361,0.9228688919320861,0.003491060768637882,0.2631445262890526,65938,231,2072,5802,0.0232579852039276
threshold_selection,0.66,0.9688964520616399,0.9617105917454003,0.7368554737109474,0.8343999424750126,0.9832055201144361,0.9228688919320861,0.003491060768637882,0.2631445262890526,65938,231,2072,5802,0.0232579852039276
threshold_selection,0.67,0.9688964520616399,0.9617105917454003,0.7368554737109474,0.8343999424750126,0.9832055201144361,0.9228688919320861,0.003491060768637882,0.2631445262890526,65938,231,2072,5802,0.0232579852039276
threshold_selection,0.68,0.9688964520616399,0.9617105917454003,0.7368554737109474,0.8343999424750126,0.9832055201144361,0.9228688919320861,0.003491060768637882,0.2631445262890526,65938,231,2072,5802,0.0232579852039276
threshold_selection,0.69,0.9682616857771835,0.966869506423259,0.7264414528829057,0.8295866569978245,0.9832055201144361,0.9228688919320861,0.0029621121673291118,0.2735585471170942,65973,196,2154,5720,0.0232579852039276
threshold_selection,0.7,0.9682616857771835,0.966869506423259,0.7264414528829057,0.8295866569978245,0.9832055201144361,0.9228688919320861,0.0029621121673291118,0.2735585471170942,65973,196,2154,5720,0.0232579852039276
threshold_selection,0.71,0.9682616857771835,0.966869506423259,0.7264414528829057,0.8295866569978245,0.9832055201144361,0.9228688919320861,0.0029621121673291118,0.2735585471170942,65973,196,2154,5720,0.0232579852039276
threshold_selection,0.72,0.9682616857771835,0.966869506423259,0.7264414528829057,0.8295866569978245,0.9832055201144361,0.9228688919320861,0.0029621121673291118,0.2735585471170942,65973,196,2154,5720,0.0232579852039276
threshold_selection,0.73,0.9682616857771835,0.966869506423259,0.7264414528829057,0.8295866569978245,0.9832055201144361,0.9228688919320861,0.0029621121673291118,0.2735585471170942,65973,196,2154,5720,0.0232579852039276
threshold_selection,0.74,0.9682616857771835,0.966869506423259,0.7264414528829057,0.8295866569978245,0.9832055201144361,0.9228688919320861,0.0029621121673291118,0.2735585471170942,65973,196,2154,5720,0.0232579852039276
threshold_selection,0.75,0.9682616857771835,0.966869506423259,0.7264414528829057,0.8295866569978245,0.9832055201144361,0.9228688919320861,0.0029621121673291118,0.2735585471170942,65973,196,2154,5720,0.0232579852039276
threshold_selection,0.76,0.9682751914428103,0.967032967032967,0.7264414528829057,0.8296468199289289,0.9832055201144361,0.9228688919320861,0.0029469993501488614,0.2735585471170942,65974,195,2154,5720,0.0232579852039276
threshold_selection,0.77,0.9682751914428103,0.967032967032967,0.7264414528829057,0.8296468199289289,0.9832055201144361,0.9228688919320861,0.0029469993501488614,0.2735585471170942,65974,195,2154,5720,0.0232579852039276
threshold_selection,0.78,0.9682751914428103,0.967032967032967,0.7264414528829057,0.8296468199289289,0.9832055201144361,0.9228688919320861,0.0029469993501488614,0.2735585471170942,65974,195,2154,5720,0.0232579852039276
threshold_selection,0.79,0.9682751914428103,0.967032967032967,0.7264414528829057,0.8296468199289289,0.9832055201144361,0.9228688919320861,0.0029469993501488614,0.2735585471170942,65974,195,2154,5720,0.0232579852039276
threshold_selection,0.8,0.9682751914428103,0.967032967032967,0.7264414528829057,0.8296468199289289,0.9832055201144361,0.9228688919320861,0.0029469993501488614,0.2735585471170942,65974,195,2154,5720,0.0232579852039276
threshold_selection,0.81,0.9663303755925611,0.9759419777109499,0.7006604013208027,0.8157019294743846,0.9832055201144361,0.9228688919320861,0.0020553431365140777,0.29933959867919735,66033,136,2357,5517,0.0232579852039276
threshold_selection,0.82,0.9638048161203625,0.9868766404199475,0.6685293370586741,0.7970926711084192,0.9832055201144361,0.9228688919320861,0.0010578972026175399,0.3314706629413259,66099,70,2610,5264,0.0232579852039276
threshold_selection,0.83,0.9637913104547358,0.9868741796362273,0.6684023368046736,0.7970015900658741,0.9832055201144361,0.9228688919320861,0.0010578972026175399,0.3315976631953264,66099,70,2611,5263,0.0232579852039276
threshold_selection,0.84,0.9637507934578555,0.9870495495495496,0.6678943357886715,0.7966974700802909,0.9832055201144361,0.9228688919320861,0.0010427843854372894,0.3321056642113284,66100,69,2615,5259,0.0232579852039276
threshold_selection,0.85,0.9637507934578555,0.9870495495495496,0.6678943357886715,0.7966974700802909,0.9832055201144361,0.9228688919320861,0.0010427843854372894,0.3321056642113284,66100,69,2615,5259,0.0232579852039276
threshold_selection,0.86,0.9632916008265467,0.9877033673855468,0.6630683261366522,0.7934650455927051,0.9832055201144361,0.9228688919320861,0.0009823331167162872,0.3369316738633477,66104,65,2653,5221,0.0232579852039276
threshold_selection,0.87,0.9632916008265467,0.9877033673855468,0.6630683261366522,0.7934650455927051,0.9832055201144361,0.9228688919320861,0.0009823331167162872,0.3369316738633477,66104,65,2653,5221,0.0232579852039276
threshold_selection,0.88,0.9632916008265467,0.9877033673855468,0.6630683261366522,0.7934650455927051,0.9832055201144361,0.9228688919320861,0.0009823331167162872,0.3369316738633477,66104,65,2653,5221,0.0232579852039276
threshold_selection,0.89,0.96327809516092,0.9877010406811731,0.6629413258826518,0.7933733566380424,0.9832055201144361,0.9228688919320861,0.0009823331167162872,0.33705867411734824,66104,65,2654,5220,0.0232579852039276
threshold_selection,0.9,0.96327809516092,0.9877010406811731,0.6629413258826518,0.7933733566380424,0.9832055201144361,0.9228688919320861,0.0009823331167162872,0.33705867411734824,66104,65,2654,5220,0.0232579852039276
threshold_selection,0.91,0.9615088529638183,0.9894777864380359,0.6449072898145797,0.7808703675226818,0.9832055201144361,0.9228688919320861,0.0008160921277335308,0.3550927101854204,66115,54,2796,5078,0.0232579852039276
threshold_selection,0.92,0.9604013883824264,0.9916434540389972,0.6329692659385319,0.7727131782945736,0.9832055201144361,0.9228688919320861,0.0006347383215705239,0.36703073406146813,66127,42,2890,4984,0.0232579852039276
threshold_selection,0.93,0.9572140512945181,0.9957859249894648,0.6002032004064008,0.7489698890649762,0.9832055201144361,0.9228688919320861,0.0003022563436050114,0.3997967995935992,66149,20,3148,4726,0.0232579852039276
threshold_selection,0.94,0.9572005456288913,0.9957850368809273,0.6000762001524003,0.7488707504556621,0.9832055201144361,0.9228688919320861,0.0003022563436050114,0.3999237998475997,66149,20,3149,4725,0.0232579852039276
threshold_selection,0.95,0.9555798657536837,0.9973963983510523,0.5838201676403353,0.7365216694704798,0.9832055201144361,0.9228688919320861,0.00018135380616300686,0.4161798323596647,66157,12,3277,4597,0.0232579852039276
